"id","first_name","last_name","email","npi","phone","timezone","address","city","country"
"1","America","Block","blair04@example.com","4023872526","14329408136","America/Adak","488 Jaqueline Meadow Suite 713North Felicita, RI 88852","Monserratland","US"
"2","Assunta","Stracke","mccullough.leone@example.com","9865647244","13392617327","America/North_Dakota/New_Salem","97136 Keeling ShoalsOndrickahaven, SD 43276","Strackefurt","US"
"3","Estella","Stamm","dina.ratke@example.com","4969287575","14198063862","America/Menominee","65115 Orlo Underpass West Caitlyn, DE 63891-3112","South Crawfordshire","US"
"4","Ana","Franecki","parisian.erin@example.net","9642149625","15029244457","America/Juneau","86645 Alexanne Trail Suite 505 Russelmouth, OR 47047","New Reynamouth","US"
"5","Anthony","Bernier","gwen.feeney@example.com","1463918102","16035012666","America/Indiana/Tell_City","56941 Abigail Drive Apt. 233 Reichertshire, AR 87314-2278","Dejuanburgh","US"
"6","Sofia","Hermiston","cora.schmeler@example.org","6288957741","17025479836","America/New_York","75351 Parisian Dale East Ron, NJ 30005-2320","Edisonfurt","US"
"7","Alex","Volkman","cstiedemann@example.org","6331909320","15053071230","Pacific/Honolulu","735 Mayer Pass West Charity, ID 89736","Otisberg","US"
"8","Chanelle","Mills","kertzmann.shana@example.net","7480534207","17723698707","America/Indiana/Tell_City","697 Dorian Rue Brantfurt, AR 85885","Bettemouth","US"
"9","Winifred","Morar","bsporer@example.com","2093644795","12834027196","America/North_Dakota/New_Salem","553 Matilda Drive Port Modesta, CT 77555","North Leonardo","US"
"10","Terrence","Leuschke","brian.bauch@example.org","5100761616","16154163538","America/Anchorage","490 Farrell Lake Suite 472 Normafurt, NV 26397-6035","New Corymouth","US"
